{
 "Mongkol Borei": 298.6504667482206,
 "Phnum Srok": 294.87307074601966,
 "Preah Netr Preah": 294.3783208988481,
 "Ou Chrov": 323.83475337610076,
 "Serei Saophoan": 306.2308150801186,
 "Thma Puok": 330.9546285194434,
 "Svay Chek": 325.4503491685301,
 "Malai": 353.56576952168916,
 "Paoy Paet": 343.7100509520485,
 "Banan": 245.37222170686346,
 "Thma Koul": 272.65654318981717,
 "Battambang": 250.67650698886123,
 "Bavel": 289.584771533209,
 "Aek Phnum": 252.99970843586692,
 "Moung Ruessei": 206.93090079113566,
 "Rotonak Mondol": 267.4459314552363,
 "Sangkae": 246.50665037751065,
 "Samlout": 250.92697254741498,
 "Sampov Lun": 343.69834011026546,
 "Phnum Proek": 336.91813560609074,
 "Kamrieng": 315.88236366352214,
 "Koas Krala": 222.2342482928831,
 "Rukh Kiri": 203.25138987994973,
 "Batheay": 47.65214193010591,
 "Chamkar Leu": 92.89648783666492,
 "Cheung Prey": 68.67485575881958,
 "Kampong Cham": 78.0303193233528,
 "Kampong Siem": 76.67727536104395,
 "Kang Meas": 58.90792775406256,
 "Kaoh Soutin": 68.70542107094137,
 "Prey Chhor": 67.5159756934628,
 "Srei Santhor": 37.78750449402455,
 "Stueng Trang": 103.32352057501362,
 "Baribour": 108.6176832006613,
 "Chol Kiri": 65.50613425292431,
 "Kampong Chhnang": 81.13986360800614,
 "Kampong Leaeng": 81.32871195777741,
 "Kampong Tralach": 46.395037182119204,
 "Rolea B'ier": 75.59616807651825,
 "Sameakki Mean Chey": 47.137753786309645,
 "Tuek Phos": 67.42406927752734,
 "Basedth": 60.751862109307936,
 "Chbar Mon": 43.93263041446765,
 "Kong Pisei": 41.674549928932365,
 "Aoral": 85.02777870859867,
 "Odongk": 32.620459423418815,
 "Phnum Sruoch": 60.13747486463772,
 "Samraong Tong": 42.35497000911359,
 "Thpong": 55.46316093467207,
 "Baray": 94.50415860483487,
 "Kampong Svay": 136.32248689739538,
 "Stueng Saen": 118.91723700866248,
 "Prasat Ballangk": 154.07481531085367,
 "Prasat Sambour": 147.51146963686665,
 "Sandan": 174.97307418022214,
 "Santuk": 111.83202097688974,
 "Stoung": 156.81016526429508,
 "Angkor Chey": 90.52259623512455,
 "Banteay Meas": 105.55210741551203,
 "Chhuk": 93.52215043859309,
 "Chum Kiri": 87.37271738637396,
 "Dang Tong": 106.82791662914234,
 "Kampong Trach": 120.6110939732441,
 "Tuek Chhou": 127.95739188505209,
 "Kampot": 133.67955695680354,
 "Kandal Stueng": 18.22581946838146,
 "Kien Svay": 17.649688447543966,
 "Khsach Kandal": 24.456285443687186,
 "Kaoh Thum": 51.0927641195666,
 "Leuk Daek": 55.70969371976487,
 "Lvea Aem": 15.709328349306332,
 "Mukh Kampul": 21.2534918384337,
 "Angk Snuol": 20.732730957328876,
 "Ponhea Lueu": 24.827306796716226,
 "S'ang": 25.236171538288296,
 "Ta Khmau": 12.372872884553884,
 "Botum Sakor": 161.38336579084623,
 "Kiri Sakor": 207.8347452750898,
 "Kaoh Kong": 208.87103445926368,
 "Khemara Phoumin": 204.42605844629966,
 "Mondol Seima": 212.6413499498044,
 "Srae Ambel": 135.2513623068756,
 "Thma Bang": 158.93673226753583,
 "Chhloung": 137.16230785015028,
 "Kracheh": 160.34694529528568,
 "Prek Prasab": 150.5964105288033,
 "Sambour": 177.62447046964047,
 "Snuol": 175.53990221519285,
 "Chetr Borei": 185.3125696336777,
 "Kaev Seima": 227.08048199249518,
 "Kaoh Nheaek": 286.62869034117404,
 "Ou Reang": 261.5800032566891,
 "Pech Chreada": 295.96644352064436,
 "Saen Monourom": 265.0801975781985,
 "Chamkar Mon": 2.8873926561957615,
 "Doun Penh": 2.9667956815657868,
 "Prampir Meakkakra": 1.6076735972903686,
 "Tuol Kouk": 0.0,
 "Dangkao": 9.55169003009022,
 "Mean Chey": 3.5209748708171196,
 "Russey Keo": 6.119326892963004,
 "Saensokh": 6.348019187020777,
 "Pur SenChey": 12.33747627449748,
 "Chraoy Chongvar": 11.893507320035479,
 "Praek Pnov": 13.60349983619678,
 "Chbar Ampov": 12.420546090248175,
 "Chey Saen": 234.40631120521493,
 "Chhaeb": 250.06677146548847,
 "Choam Ksant": 294.2128011313077,
 "Kuleaen": 250.53604211253125,
 "Rovieng": 199.72309755290297,
 "Sangkum Thmei": 223.2128250076168,
 "Tbaeng Mean Chey": 254.26362651963794,
 "Preah Vihear": 270.8154725712662,
 "Ba Phnum": 64.43993445874324,
 "Kamchay Mear": 83.32795667342991,
 "Kampong Trabaek": 78.64890426704942,
 "Kanhchriech": 73.7768660462728,
 "Me Sang": 75.43112630089908,
 "Peam Chor": 61.53153215112152,
 "Peam Ro": 49.72069398451578,
 "Pea Reang": 37.7209876111352,
 "Preah Sdach": 73.97255624054996,
 "Prey Veng": 47.66698829523182,
 "Pur Rieng": 50.2490366008256,
 "Sithor Kandal": 57.469867472230156,
 "Svay Antor": 57.10130296173804,
 "Bakan": 167.6698940842856,
 "Kandieng": 152.64439233387708,
 "Krakor": 132.8465956478112,
 "Phnum Kravanh": 150.99666959690472,
 "Pursat": 148.39602166694624,
 "Veal Veaeng": 185.39420141029777,
 "Andoung Meas": 364.6923326366478,
 "Ban Lung": 330.79556016599435,
 "Bar Kaev": 343.9691884498191,
 "Koun Mom": 301.61052018043415,
 "Lumphat": 310.5240180873552,
 "Ou Chum": 338.829307478794,
 "Ou Ya Dav": 353.78790184034966,
 "Ta Veaeng": 364.9169096357008,
 "Veun Sai": 362.70242682098484,
 "Angkor Chum": 271.6640061578358,
 "Angkor Thum": 240.0858048127542,
 "Banteay Srei": 247.52792593465284,
 "Chi Kraeng": 189.55138212672534,
 "Kralanh": 275.6178699574075,
 "Puok": 242.84336151830138,
 "Prasat Bakong": 208.24880305892825,
 "Siem Reap": 229.2709437027675,
 "Soutr Nikom": 197.03321457759353,
 "Srei Snam": 292.7436169192986,
 "Svay Leu": 231.50547076722967,
 "Varin": 279.5717005902264,
 "Preah Sihanouk": 183.37422543754266,
 "Prey Nob": 151.1997164661381,
 "Stueng Hav": 166.66404734309606,
 "Kampong Seila": 121.01500674346045,
 "Sesan": 256.5337459890192,
 "Siem Bouk": 232.3602042921835,
 "Siem Pang": 325.4470638480396,
 "Stueng Traeng": 244.6380391687183,
 "Thala Barivat": 248.16968422696007,
 "Chantrea": 148.50274885436679,
 "Kampong Rou": 134.39476823883393,
 "Rumduol": 109.90191044315645,
 "Romeas Haek": 99.26874544341072,
 "Svay Chrum": 101.42665296981754,
 "Svay Rieng": 111.61580813370622,
 "Svay Teab": 124.6643351933631,
 "Bavet": 146.08972728010164,
 "Angkor Borei": 63.54280563559028,
 "Bati": 36.411367146342705,
 "Borei Cholsar": 81.3847801363447,
 "Kiri Vong": 102.18336958361056,
 "Kaoh Andaet": 84.49505332040634,
 "Prey Kabbas": 51.34638552645839,
 "Samraong": 329.7213560554436,
 "Doun Kaev": 64.57887661899275,
 "Tram Kak": 66.59544038170532,
 "Treang": 73.63467180609912,
 "Anlong Veaeng": 309.0712568458352,
 "Banteay Ampil": 353.56436701208736,
 "Chong Kal": 300.9655635953797,
 "Trapeang Prasat": 296.6609072136522,
 "Damnak Chang'aeur": 127.53571915448744,
 "Kaeb": 129.09003454895463,
 "Pailin": 284.8444058347968,
 "Sala Krau": 293.59872434833744,
 "Dambae": 118.96743653790578,
 "Krouch Chhmar": 113.78557127527004,
 "Memot": 142.75947043555237,
 "Ou Reang Ov": 70.97351836111147,
 "Ponhea Kraek": 110.1070247311741,
 "Suong": 94.32904790077507,
 "Tboung Khmum": 86.29448954007889
}